index;NAME;UNITS;PROJ;TYPE_VAR;LEVEL_Pa;TIMESTAMP;DATE
1;10 metre U wind component;m s**-1 (instant);regular_ll;surface;level 0;fcst time 0 hrs;from 201908180000
2;10 metre V wind component;m s**-1 (instant);regular_ll;surface;level 0;fcst time 0 hrs;from 201908180000
3;100 metre U wind component;m s**-1 (instant);regular_ll;surface;level 0;fcst time 0 hrs;from 201908180000
4;100 metre V wind component;m s**-1 (instant);regular_ll;surface;level 0;fcst time 0 hrs;from 201908180000
7;10 metre U wind component;m s**-1 (instant);regular_ll;surface;level 0;fcst time 3 hrs;from 201908180000
8;10 metre V wind component;m s**-1 (instant);regular_ll;surface;level 0;fcst time 3 hrs;from 201908180000
9;100 metre U wind component;m s**-1 (instant);regular_ll;surface;level 0;fcst time 3 hrs;from 201908180000
10;100 metre V wind component;m s**-1 (instant);regular_ll;surface;level 0;fcst time 3 hrs;from 201908180000
13;10 metre U wind component;m s**-1 (instant);regular_ll;surface;level 0;fcst time 6 hrs;from 201908180000
14;10 metre V wind component;m s**-1 (instant);regular_ll;surface;level 0;fcst time 6 hrs;from 201908180000
15;100 metre U wind component;m s**-1 (instant);regular_ll;surface;level 0;fcst time 6 hrs;from 201908180000
16;100 metre V wind component;m s**-1 (instant);regular_ll;surface;level 0;fcst time 6 hrs;from 201908180000
19;10 metre U wind component;m s**-1 (instant);regular_ll;surface;level 0;fcst time 9 hrs;from 201908180000
20;10 metre V wind component;m s**-1 (instant);regular_ll;surface;level 0;fcst time 9 hrs;from 201908180000
21;100 metre U wind component;m s**-1 (instant);regular_ll;surface;level 0;fcst time 9 hrs;from 201908180000
22;100 metre V wind component;m s**-1 (instant);regular_ll;surface;level 0;fcst time 9 hrs;from 201908180000
25;10 metre U wind component;m s**-1 (instant);regular_ll;surface;level 0;fcst time 12 hrs;from 201908180000
26;10 metre V wind component;m s**-1 (instant);regular_ll;surface;level 0;fcst time 12 hrs;from 201908180000
27;100 metre U wind component;m s**-1 (instant);regular_ll;surface;level 0;fcst time 12 hrs;from 201908180000
28;100 metre V wind component;m s**-1 (instant);regular_ll;surface;level 0;fcst time 12 hrs;from 201908180000
31;10 metre U wind component;m s**-1 (instant);regular_ll;surface;level 0;fcst time 15 hrs;from 201908180000
32;10 metre V wind component;m s**-1 (instant);regular_ll;surface;level 0;fcst time 15 hrs;from 201908180000
33;100 metre U wind component;m s**-1 (instant);regular_ll;surface;level 0;fcst time 15 hrs;from 201908180000
34;100 metre V wind component;m s**-1 (instant);regular_ll;surface;level 0;fcst time 15 hrs;from 201908180000
37;10 metre U wind component;m s**-1 (instant);regular_ll;surface;level 0;fcst time 18 hrs;from 201908180000
38;10 metre V wind component;m s**-1 (instant);regular_ll;surface;level 0;fcst time 18 hrs;from 201908180000
39;100 metre U wind component;m s**-1 (instant);regular_ll;surface;level 0;fcst time 18 hrs;from 201908180000
40;100 metre V wind component;m s**-1 (instant);regular_ll;surface;level 0;fcst time 18 hrs;from 201908180000
43;10 metre U wind component;m s**-1 (instant);regular_ll;surface;level 0;fcst time 21 hrs;from 201908180000
44;10 metre V wind component;m s**-1 (instant);regular_ll;surface;level 0;fcst time 21 hrs;from 201908180000
45;100 metre U wind component;m s**-1 (instant);regular_ll;surface;level 0;fcst time 21 hrs;from 201908180000
46;100 metre V wind component;m s**-1 (instant);regular_ll;surface;level 0;fcst time 21 hrs;from 201908180000
49;10 metre U wind component;m s**-1 (instant);regular_ll;surface;level 0;fcst time 24 hrs;from 201908180000
50;10 metre V wind component;m s**-1 (instant);regular_ll;surface;level 0;fcst time 24 hrs;from 201908180000
51;100 metre U wind component;m s**-1 (instant);regular_ll;surface;level 0;fcst time 24 hrs;from 201908180000
52;100 metre V wind component;m s**-1 (instant);regular_ll;surface;level 0;fcst time 24 hrs;from 201908180000
55;10 metre U wind component;m s**-1 (instant);regular_ll;surface;level 0;fcst time 27 hrs;from 201908180000
56;10 metre V wind component;m s**-1 (instant);regular_ll;surface;level 0;fcst time 27 hrs;from 201908180000
57;100 metre U wind component;m s**-1 (instant);regular_ll;surface;level 0;fcst time 27 hrs;from 201908180000
58;100 metre V wind component;m s**-1 (instant);regular_ll;surface;level 0;fcst time 27 hrs;from 201908180000
61;10 metre U wind component;m s**-1 (instant);regular_ll;surface;level 0;fcst time 30 hrs;from 201908180000
62;10 metre V wind component;m s**-1 (instant);regular_ll;surface;level 0;fcst time 30 hrs;from 201908180000
63;100 metre U wind component;m s**-1 (instant);regular_ll;surface;level 0;fcst time 30 hrs;from 201908180000
64;100 metre V wind component;m s**-1 (instant);regular_ll;surface;level 0;fcst time 30 hrs;from 201908180000
67;10 metre U wind component;m s**-1 (instant);regular_ll;surface;level 0;fcst time 33 hrs;from 201908180000
68;10 metre V wind component;m s**-1 (instant);regular_ll;surface;level 0;fcst time 33 hrs;from 201908180000
69;100 metre U wind component;m s**-1 (instant);regular_ll;surface;level 0;fcst time 33 hrs;from 201908180000
70;100 metre V wind component;m s**-1 (instant);regular_ll;surface;level 0;fcst time 33 hrs;from 201908180000
73;10 metre U wind component;m s**-1 (instant);regular_ll;surface;level 0;fcst time 36 hrs;from 201908180000
74;10 metre V wind component;m s**-1 (instant);regular_ll;surface;level 0;fcst time 36 hrs;from 201908180000
75;100 metre U wind component;m s**-1 (instant);regular_ll;surface;level 0;fcst time 36 hrs;from 201908180000
76;100 metre V wind component;m s**-1 (instant);regular_ll;surface;level 0;fcst time 36 hrs;from 201908180000
79;10 metre U wind component;m s**-1 (instant);regular_ll;surface;level 0;fcst time 39 hrs;from 201908180000
80;10 metre V wind component;m s**-1 (instant);regular_ll;surface;level 0;fcst time 39 hrs;from 201908180000
81;100 metre U wind component;m s**-1 (instant);regular_ll;surface;level 0;fcst time 39 hrs;from 201908180000
82;100 metre V wind component;m s**-1 (instant);regular_ll;surface;level 0;fcst time 39 hrs;from 201908180000
85;10 metre U wind component;m s**-1 (instant);regular_ll;surface;level 0;fcst time 42 hrs;from 201908180000
86;10 metre V wind component;m s**-1 (instant);regular_ll;surface;level 0;fcst time 42 hrs;from 201908180000
87;100 metre U wind component;m s**-1 (instant);regular_ll;surface;level 0;fcst time 42 hrs;from 201908180000
88;100 metre V wind component;m s**-1 (instant);regular_ll;surface;level 0;fcst time 42 hrs;from 201908180000
91;10 metre U wind component;m s**-1 (instant);regular_ll;surface;level 0;fcst time 45 hrs;from 201908180000
92;10 metre V wind component;m s**-1 (instant);regular_ll;surface;level 0;fcst time 45 hrs;from 201908180000
93;100 metre U wind component;m s**-1 (instant);regular_ll;surface;level 0;fcst time 45 hrs;from 201908180000
94;100 metre V wind component;m s**-1 (instant);regular_ll;surface;level 0;fcst time 45 hrs;from 201908180000
97;10 metre U wind component;m s**-1 (instant);regular_ll;surface;level 0;fcst time 48 hrs;from 201908180000
98;10 metre V wind component;m s**-1 (instant);regular_ll;surface;level 0;fcst time 48 hrs;from 201908180000
99;100 metre U wind component;m s**-1 (instant);regular_ll;surface;level 0;fcst time 48 hrs;from 201908180000
100;100 metre V wind component;m s**-1 (instant);regular_ll;surface;level 0;fcst time 48 hrs;from 201908180000
103;10 metre U wind component;m s**-1 (instant);regular_ll;surface;level 0;fcst time 51 hrs;from 201908180000
104;10 metre V wind component;m s**-1 (instant);regular_ll;surface;level 0;fcst time 51 hrs;from 201908180000
105;100 metre U wind component;m s**-1 (instant);regular_ll;surface;level 0;fcst time 51 hrs;from 201908180000
106;100 metre V wind component;m s**-1 (instant);regular_ll;surface;level 0;fcst time 51 hrs;from 201908180000
109;10 metre U wind component;m s**-1 (instant);regular_ll;surface;level 0;fcst time 54 hrs;from 201908180000
110;10 metre V wind component;m s**-1 (instant);regular_ll;surface;level 0;fcst time 54 hrs;from 201908180000
111;100 metre U wind component;m s**-1 (instant);regular_ll;surface;level 0;fcst time 54 hrs;from 201908180000
112;100 metre V wind component;m s**-1 (instant);regular_ll;surface;level 0;fcst time 54 hrs;from 201908180000
115;10 metre U wind component;m s**-1 (instant);regular_ll;surface;level 0;fcst time 57 hrs;from 201908180000
116;10 metre V wind component;m s**-1 (instant);regular_ll;surface;level 0;fcst time 57 hrs;from 201908180000
117;100 metre U wind component;m s**-1 (instant);regular_ll;surface;level 0;fcst time 57 hrs;from 201908180000
118;100 metre V wind component;m s**-1 (instant);regular_ll;surface;level 0;fcst time 57 hrs;from 201908180000
121;10 metre U wind component;m s**-1 (instant);regular_ll;surface;level 0;fcst time 60 hrs;from 201908180000
122;10 metre V wind component;m s**-1 (instant);regular_ll;surface;level 0;fcst time 60 hrs;from 201908180000
123;100 metre U wind component;m s**-1 (instant);regular_ll;surface;level 0;fcst time 60 hrs;from 201908180000
124;100 metre V wind component;m s**-1 (instant);regular_ll;surface;level 0;fcst time 60 hrs;from 201908180000
127;10 metre U wind component;m s**-1 (instant);regular_ll;surface;level 0;fcst time 63 hrs;from 201908180000
128;10 metre V wind component;m s**-1 (instant);regular_ll;surface;level 0;fcst time 63 hrs;from 201908180000
129;100 metre U wind component;m s**-1 (instant);regular_ll;surface;level 0;fcst time 63 hrs;from 201908180000
130;100 metre V wind component;m s**-1 (instant);regular_ll;surface;level 0;fcst time 63 hrs;from 201908180000
133;10 metre U wind component;m s**-1 (instant);regular_ll;surface;level 0;fcst time 66 hrs;from 201908180000
134;10 metre V wind component;m s**-1 (instant);regular_ll;surface;level 0;fcst time 66 hrs;from 201908180000
135;100 metre U wind component;m s**-1 (instant);regular_ll;surface;level 0;fcst time 66 hrs;from 201908180000
136;100 metre V wind component;m s**-1 (instant);regular_ll;surface;level 0;fcst time 66 hrs;from 201908180000
139;10 metre U wind component;m s**-1 (instant);regular_ll;surface;level 0;fcst time 69 hrs;from 201908180000
140;10 metre V wind component;m s**-1 (instant);regular_ll;surface;level 0;fcst time 69 hrs;from 201908180000
141;100 metre U wind component;m s**-1 (instant);regular_ll;surface;level 0;fcst time 69 hrs;from 201908180000
142;100 metre V wind component;m s**-1 (instant);regular_ll;surface;level 0;fcst time 69 hrs;from 201908180000
145;10 metre U wind component;m s**-1 (instant);regular_ll;surface;level 0;fcst time 72 hrs;from 201908180000
146;10 metre V wind component;m s**-1 (instant);regular_ll;surface;level 0;fcst time 72 hrs;from 201908180000
147;100 metre U wind component;m s**-1 (instant);regular_ll;surface;level 0;fcst time 72 hrs;from 201908180000
148;100 metre V wind component;m s**-1 (instant);regular_ll;surface;level 0;fcst time 72 hrs;from 201908180000
151;10 metre U wind component;m s**-1 (instant);regular_ll;surface;level 0;fcst time 75 hrs;from 201908180000
152;10 metre V wind component;m s**-1 (instant);regular_ll;surface;level 0;fcst time 75 hrs;from 201908180000
153;100 metre U wind component;m s**-1 (instant);regular_ll;surface;level 0;fcst time 75 hrs;from 201908180000
154;100 metre V wind component;m s**-1 (instant);regular_ll;surface;level 0;fcst time 75 hrs;from 201908180000
157;10 metre U wind component;m s**-1 (instant);regular_ll;surface;level 0;fcst time 78 hrs;from 201908180000
158;10 metre V wind component;m s**-1 (instant);regular_ll;surface;level 0;fcst time 78 hrs;from 201908180000
159;100 metre U wind component;m s**-1 (instant);regular_ll;surface;level 0;fcst time 78 hrs;from 201908180000
160;100 metre V wind component;m s**-1 (instant);regular_ll;surface;level 0;fcst time 78 hrs;from 201908180000
163;10 metre U wind component;m s**-1 (instant);regular_ll;surface;level 0;fcst time 81 hrs;from 201908180000
164;10 metre V wind component;m s**-1 (instant);regular_ll;surface;level 0;fcst time 81 hrs;from 201908180000
165;100 metre U wind component;m s**-1 (instant);regular_ll;surface;level 0;fcst time 81 hrs;from 201908180000
166;100 metre V wind component;m s**-1 (instant);regular_ll;surface;level 0;fcst time 81 hrs;from 201908180000
169;10 metre U wind component;m s**-1 (instant);regular_ll;surface;level 0;fcst time 84 hrs;from 201908180000
170;10 metre V wind component;m s**-1 (instant);regular_ll;surface;level 0;fcst time 84 hrs;from 201908180000
171;100 metre U wind component;m s**-1 (instant);regular_ll;surface;level 0;fcst time 84 hrs;from 201908180000
172;100 metre V wind component;m s**-1 (instant);regular_ll;surface;level 0;fcst time 84 hrs;from 201908180000
175;10 metre U wind component;m s**-1 (instant);regular_ll;surface;level 0;fcst time 87 hrs;from 201908180000
176;10 metre V wind component;m s**-1 (instant);regular_ll;surface;level 0;fcst time 87 hrs;from 201908180000
177;100 metre U wind component;m s**-1 (instant);regular_ll;surface;level 0;fcst time 87 hrs;from 201908180000
178;100 metre V wind component;m s**-1 (instant);regular_ll;surface;level 0;fcst time 87 hrs;from 201908180000
181;10 metre U wind component;m s**-1 (instant);regular_ll;surface;level 0;fcst time 90 hrs;from 201908180000
182;10 metre V wind component;m s**-1 (instant);regular_ll;surface;level 0;fcst time 90 hrs;from 201908180000
183;100 metre U wind component;m s**-1 (instant);regular_ll;surface;level 0;fcst time 90 hrs;from 201908180000
184;100 metre V wind component;m s**-1 (instant);regular_ll;surface;level 0;fcst time 90 hrs;from 201908180000
187;10 metre U wind component;m s**-1 (instant);regular_ll;surface;level 0;fcst time 93 hrs;from 201908180000
188;10 metre V wind component;m s**-1 (instant);regular_ll;surface;level 0;fcst time 93 hrs;from 201908180000
189;100 metre U wind component;m s**-1 (instant);regular_ll;surface;level 0;fcst time 93 hrs;from 201908180000
190;100 metre V wind component;m s**-1 (instant);regular_ll;surface;level 0;fcst time 93 hrs;from 201908180000
193;10 metre U wind component;m s**-1 (instant);regular_ll;surface;level 0;fcst time 96 hrs;from 201908180000
194;10 metre V wind component;m s**-1 (instant);regular_ll;surface;level 0;fcst time 96 hrs;from 201908180000
195;100 metre U wind component;m s**-1 (instant);regular_ll;surface;level 0;fcst time 96 hrs;from 201908180000
196;100 metre V wind component;m s**-1 (instant);regular_ll;surface;level 0;fcst time 96 hrs;from 201908180000
199;10 metre U wind component;m s**-1 (instant);regular_ll;surface;level 0;fcst time 99 hrs;from 201908180000
200;10 metre V wind component;m s**-1 (instant);regular_ll;surface;level 0;fcst time 99 hrs;from 201908180000
201;100 metre U wind component;m s**-1 (instant);regular_ll;surface;level 0;fcst time 99 hrs;from 201908180000
202;100 metre V wind component;m s**-1 (instant);regular_ll;surface;level 0;fcst time 99 hrs;from 201908180000
205;10 metre U wind component;m s**-1 (instant);regular_ll;surface;level 0;fcst time 102 hrs;from 201908180000
206;10 metre V wind component;m s**-1 (instant);regular_ll;surface;level 0;fcst time 102 hrs;from 201908180000
207;100 metre U wind component;m s**-1 (instant);regular_ll;surface;level 0;fcst time 102 hrs;from 201908180000
208;100 metre V wind component;m s**-1 (instant);regular_ll;surface;level 0;fcst time 102 hrs;from 201908180000
211;10 metre U wind component;m s**-1 (instant);regular_ll;surface;level 0;fcst time 105 hrs;from 201908180000
212;10 metre V wind component;m s**-1 (instant);regular_ll;surface;level 0;fcst time 105 hrs;from 201908180000
213;100 metre U wind component;m s**-1 (instant);regular_ll;surface;level 0;fcst time 105 hrs;from 201908180000
214;100 metre V wind component;m s**-1 (instant);regular_ll;surface;level 0;fcst time 105 hrs;from 201908180000
217;10 metre U wind component;m s**-1 (instant);regular_ll;surface;level 0;fcst time 108 hrs;from 201908180000
218;10 metre V wind component;m s**-1 (instant);regular_ll;surface;level 0;fcst time 108 hrs;from 201908180000
219;100 metre U wind component;m s**-1 (instant);regular_ll;surface;level 0;fcst time 108 hrs;from 201908180000
220;100 metre V wind component;m s**-1 (instant);regular_ll;surface;level 0;fcst time 108 hrs;from 201908180000
223;10 metre U wind component;m s**-1 (instant);regular_ll;surface;level 0;fcst time 111 hrs;from 201908180000
224;10 metre V wind component;m s**-1 (instant);regular_ll;surface;level 0;fcst time 111 hrs;from 201908180000
225;100 metre U wind component;m s**-1 (instant);regular_ll;surface;level 0;fcst time 111 hrs;from 201908180000
226;100 metre V wind component;m s**-1 (instant);regular_ll;surface;level 0;fcst time 111 hrs;from 201908180000
229;10 metre U wind component;m s**-1 (instant);regular_ll;surface;level 0;fcst time 114 hrs;from 201908180000
230;10 metre V wind component;m s**-1 (instant);regular_ll;surface;level 0;fcst time 114 hrs;from 201908180000
231;100 metre U wind component;m s**-1 (instant);regular_ll;surface;level 0;fcst time 114 hrs;from 201908180000
232;100 metre V wind component;m s**-1 (instant);regular_ll;surface;level 0;fcst time 114 hrs;from 201908180000
235;10 metre U wind component;m s**-1 (instant);regular_ll;surface;level 0;fcst time 117 hrs;from 201908180000
236;10 metre V wind component;m s**-1 (instant);regular_ll;surface;level 0;fcst time 117 hrs;from 201908180000
237;100 metre U wind component;m s**-1 (instant);regular_ll;surface;level 0;fcst time 117 hrs;from 201908180000
238;100 metre V wind component;m s**-1 (instant);regular_ll;surface;level 0;fcst time 117 hrs;from 201908180000
241;10 metre U wind component;m s**-1 (instant);regular_ll;surface;level 0;fcst time 120 hrs;from 201908180000
242;10 metre V wind component;m s**-1 (instant);regular_ll;surface;level 0;fcst time 120 hrs;from 201908180000
243;100 metre U wind component;m s**-1 (instant);regular_ll;surface;level 0;fcst time 120 hrs;from 201908180000
244;100 metre V wind component;m s**-1 (instant);regular_ll;surface;level 0;fcst time 120 hrs;from 201908180000
247;10 metre wind gust in the last 6 hours;m s**-1 (instant);regular_ll;surface;level 0;fcst time 0 hrs;from 201908180000
248;10 metre wind gust in the last 6 hours;m s**-1 (max);regular_ll;surface;level 0;fcst time 0-6 hrs (max);from 201908180000
249;10 metre wind gust in the last 6 hours;m s**-1 (max);regular_ll;surface;level 0;fcst time 6-12 hrs (max);from 201908180000
250;10 metre wind gust in the last 6 hours;m s**-1 (max);regular_ll;surface;level 0;fcst time 12-18 hrs (max);from 201908180000
251;10 metre wind gust in the last 6 hours;m s**-1 (max);regular_ll;surface;level 0;fcst time 18-24 hrs (max);from 201908180000
252;10 metre wind gust in the last 6 hours;m s**-1 (max);regular_ll;surface;level 0;fcst time 24-30 hrs (max);from 201908180000
253;10 metre wind gust in the last 6 hours;m s**-1 (max);regular_ll;surface;level 0;fcst time 30-36 hrs (max);from 201908180000
254;10 metre wind gust in the last 6 hours;m s**-1 (max);regular_ll;surface;level 0;fcst time 36-42 hrs (max);from 201908180000
255;10 metre wind gust in the last 6 hours;m s**-1 (max);regular_ll;surface;level 0;fcst time 42-48 hrs (max);from 201908180000
256;10 metre wind gust in the last 6 hours;m s**-1 (max);regular_ll;surface;level 0;fcst time 48-54 hrs (max);from 201908180000
257;10 metre wind gust in the last 6 hours;m s**-1 (max);regular_ll;surface;level 0;fcst time 54-60 hrs (max);from 201908180000
258;10 metre wind gust in the last 6 hours;m s**-1 (max);regular_ll;surface;level 0;fcst time 60-66 hrs (max);from 201908180000
259;10 metre wind gust in the last 6 hours;m s**-1 (max);regular_ll;surface;level 0;fcst time 66-72 hrs (max);from 201908180000
260;10 metre wind gust in the last 6 hours;m s**-1 (max);regular_ll;surface;level 0;fcst time 72-78 hrs (max);from 201908180000
261;10 metre wind gust in the last 6 hours;m s**-1 (max);regular_ll;surface;level 0;fcst time 78-84 hrs (max);from 201908180000
262;10 metre wind gust in the last 6 hours;m s**-1 (max);regular_ll;surface;level 0;fcst time 84-90 hrs (max);from 201908180000
263;10 metre wind gust in the last 6 hours;m s**-1 (max);regular_ll;surface;level 0;fcst time 90-96 hrs (max);from 201908180000
264;10 metre wind gust in the last 6 hours;m s**-1 (max);regular_ll;surface;level 0;fcst time 96-102 hrs (max);from 201908180000
265;10 metre wind gust in the last 6 hours;m s**-1 (max);regular_ll;surface;level 0;fcst time 102-108 hrs (max);from 201908180000
266;10 metre wind gust in the last 6 hours;m s**-1 (max);regular_ll;surface;level 0;fcst time 108-114 hrs (max);from 201908180000
267;10 metre wind gust in the last 6 hours;m s**-1 (max);regular_ll;surface;level 0;fcst time 114-120 hrs (max);from 201908180000
268;10 metre U wind component;m s**-1 (instant);regular_ll;surface;level 0;fcst time 144 hrs;from 201908180000
269;10 metre V wind component;m s**-1 (instant);regular_ll;surface;level 0;fcst time 144 hrs;from 201908180000
270;100 metre U wind component;m s**-1 (instant);regular_ll;surface;level 0;fcst time 144 hrs;from 201908180000
271;100 metre V wind component;m s**-1 (instant);regular_ll;surface;level 0;fcst time 144 hrs;from 201908180000
273;10 metre wind gust in the last 6 hours;m s**-1 (max);regular_ll;surface;level 0;fcst time 138-144 hrs (max);from 201908180000
275;10 metre U wind component;m s**-1 (instant);regular_ll;surface;level 0;fcst time 168 hrs;from 201908180000
276;10 metre V wind component;m s**-1 (instant);regular_ll;surface;level 0;fcst time 168 hrs;from 201908180000
277;100 metre U wind component;m s**-1 (instant);regular_ll;surface;level 0;fcst time 168 hrs;from 201908180000
278;100 metre V wind component;m s**-1 (instant);regular_ll;surface;level 0;fcst time 168 hrs;from 201908180000
280;10 metre wind gust in the last 6 hours;m s**-1 (max);regular_ll;surface;level 0;fcst time 162-168 hrs (max);from 201908180000
